name,uuid,hash,language,sets,source,path
parallel-letter-frequency,59599275-56da-4eba-9d03-e679ad4d38dc,5bb0ecc0f5ead09a3b203de5320f885abc4761fb7bd3bf06695452647d22ffb5,cpp,polyglot,https://github.com/exercism/cpp,cat/5b/b0/5bb0ecc0f5ead09a3b203de5320f885abc4761fb7bd3bf06695452647d22ffb5
dominoes,d4c1b4ef-7323-4d2f-8b30-2b4aa0f666b5,5b557d5313891e0b42cda0a7d6fbfdd607085ce2460a59ba65bddfb4dd8ddf97,go,polyglot,https://github.com/exercism/go,cat/5b/55/5b557d5313891e0b42cda0a7d6fbfdd607085ce2460a59ba65bddfb4dd8ddf97
grade-school,a2d8887a-4118-442a-93c6-34f2bd613387,fa185655c7ef69c29c80188f8d4d7d910e8bfead9b95bcd397919f31dd0975dc,rust,polyglot,https://github.com/exercism/rust,cat/fa/18/fa185655c7ef69c29c80188f8d4d7d910e8bfead9b95bcd397919f31dd0975dc
xorcism,7ba9c24a-215a-442f-9cbe-5f2b6fd10b5b,5d4bfee6288c846313e8a6a53dffeb9106ce0e5ace36a6f83c1bff3436a6c687,rust,polyglot,https://github.com/exercism/rust,cat/5d/4b/5d4bfee6288c846313e8a6a53dffeb9106ce0e5ace36a6f83c1bff3436a6c687
forth,6f509df5-d1e2-417d-b450-fefd26adc1fa,f630603d3a244a0a10b4618c556070e55856ab681950915a7e9cda0d2e11abe0,python,polyglot,https://github.com/exercism/python,cat/f6/30/f630603d3a244a0a10b4618c556070e55856ab681950915a7e9cda0d2e11abe0
proverb,28de526b-7b57-4647-a19b-da7ddca66b8f,f6d3c4781c1751d686456107074561cc82952cd2be137fd2014d5510d10eb697,python,polyglot,https://github.com/exercism/python,cat/f6/d3/f6d3c4781c1751d686456107074561cc82952cd2be137fd2014d5510d10eb697
rest-api,eda9db2d-92a4-4050-ae9c-dd95d80de14e,1e05409306bf8ffc532951f8dd7de446fd393a35508dc7157b03289ca062416f,python,polyglot,https://github.com/exercism/python,cat/1e/05/1e05409306bf8ffc532951f8dd7de446fd393a35508dc7157b03289ca062416f
robot-name,44a39a35-dfb4-44a1-a0f6-074f54e5430c,1ef55d0b84f5de449d02c447c5581f1fe63d55680b70c810461c366dab92f8e9,rust,polyglot,https://github.com/exercism/rust,cat/1e/f5/1ef55d0b84f5de449d02c447c5581f1fe63d55680b70c810461c366dab92f8e9
bowling,1ef94c41-f763-4553-b7f3-499b2623bc08,1e8d786d894894daba97acb060d149560733877ddbfec2364f0cfe1475b53f88,java,polyglot,https://github.com/exercism/java,cat/1e/8d/1e8d786d894894daba97acb060d149560733877ddbfec2364f0cfe1475b53f88
bowling,f6cd4851-4cb8-4f66-bdc9-d4563e6dfa90,2d385323d075d586d3e6a7b307b2e6732dddf9f42409d5f6fba8f5b4998a60d5,python,polyglot,https://github.com/exercism/python,cat/2d/38/2d385323d075d586d3e6a7b307b2e6732dddf9f42409d5f6fba8f5b4998a60d5
hangman,282fbaa3-5d0c-47f1-804d-53d05ff61529,edebb4d09421a4a1b099c7fb9635add33f1f3c588064f2948a3ffbea86a688b0,python,polyglot,https://github.com/exercism/python,cat/ed/eb/edebb4d09421a4a1b099c7fb9635add33f1f3c588064f2948a3ffbea86a688b0
zebra-puzzle,81e57d57-8d24-4e7e-8b48-97f704cc872e,8875dae64357a97d7cc508cce46a284944ee563121cdb009519d5e16a412d140,python,polyglot,https://github.com/exercism/python,cat/88/75/8875dae64357a97d7cc508cce46a284944ee563121cdb009519d5e16a412d140
house,ac3f251d-429f-4719-b98f-cd9418a00385,8899237e6713a5db17194126c33863d988a4bb4cd03cad022509e9f845301e8f,java,polyglot,https://github.com/exercism/java,cat/88/99/8899237e6713a5db17194126c33863d988a4bb4cd03cad022509e9f845301e8f
connect,427beaf0-6d92-4297-b6ce-b127792e82ae,4a95444442fde439f6d25da23875e38d0f602faec533c7d5db6253d11eb9ba65,go,polyglot,https://github.com/exercism/go,cat/4a/95/4a95444442fde439f6d25da23875e38d0f602faec533c7d5db6253d11eb9ba65
ocr-numbers,d63d9636-22b8-49f8-aa0b-f389ea30e65d,4a1519f6e2cbe52b5ec9474c7a04d6a5dd87efa20bea180b2f320c7aba9b4470,rust,polyglot,https://github.com/exercism/rust,cat/4a/15/4a1519f6e2cbe52b5ec9474c7a04d6a5dd87efa20bea180b2f320c7aba9b4470
scale-generator,793607b4-5b57-40d1-8508-a1444844da82,b866b73e5155ba69358ec46f0702cbc1fa48a282beb02101d79fe320e83f39a7,python,polyglot,https://github.com/exercism/python,cat/b8/66/b866b73e5155ba69358ec46f0702cbc1fa48a282beb02101d79fe320e83f39a7
simple-cipher,fda1affe-30a8-4012-a0a7-d70ffa1e6f8a,db2ff9d97ab4557bf59821b0756bf3292158fe41a9453a28f2220c4148b5adb1,rust,polyglot,https://github.com/exercism/rust,cat/db/2f/db2ff9d97ab4557bf59821b0756bf3292158fe41a9453a28f2220c4148b5adb1
tournament,bb8c6309-4c4c-417c-97e7-17256eb62ef7,91d0d9b6f56867aa071963a0a2ae4aa863d6187ee38c878cfc043add0d0a95a4,javascript,polyglot,https://github.com/exercism/javascript,cat/91/d0/91d0d9b6f56867aa071963a0a2ae4aa863d6187ee38c878cfc043add0d0a95a4
hexadecimal,f35f009f-66e3-411d-a00b-638101ab26c1,01e00b16c9b1efdb098c1134b0ff75642fc957fdfcff2e6f9e69b319dd237a7e,go,polyglot,https://github.com/exercism/go,cat/01/e0/01e00b16c9b1efdb098c1134b0ff75642fc957fdfcff2e6f9e69b319dd237a7e
yacht,b8088b0d-3d7e-400f-b0ce-96a8eb38edca,082b0943b66b331692b1e133d94a78fe8b211da5af3c9b59417b86ea5962f965,cpp,polyglot,https://github.com/exercism/cpp,cat/08/2b/082b0943b66b331692b1e133d94a78fe8b211da5af3c9b59417b86ea5962f965
complex-numbers,b620def6-36d7-48b2-b27a-7639ebf6af1a,21e8245f07a7885c8f1d31e63a365b0cdedb6d71e2206954536bedc9ccdc2bef,cpp,polyglot,https://github.com/exercism/cpp,cat/21/e8/21e8245f07a7885c8f1d31e63a365b0cdedb6d71e2206954536bedc9ccdc2bef
wordy,772187c7-9d41-4130-a495-471139806d8d,21146dcf7601e38642d2d1b56e4fcd3ddb063764111dd8bfd40ec8f0f3452af0,rust,polyglot,https://github.com/exercism/rust,cat/21/14/21146dcf7601e38642d2d1b56e4fcd3ddb063764111dd8bfd40ec8f0f3452af0
state-of-tic-tac-toe,99be234a-6dc8-4cae-a8e8-98bb9adcca65,21bd770f27d7f475f910c5feffbe9513417b21b96a95f5f26a702a313aa68776,javascript,polyglot,https://github.com/exercism/javascript,cat/21/bd/21bd770f27d7f475f910c5feffbe9513417b21b96a95f5f26a702a313aa68776
spiral-matrix,8684cff8-b9cc-4c81-b8e9-6562e85004d9,a071ab77d8c1efe980e7b57276119895fe0c90fd6ba7f93b29a2f303169e2726,cpp,polyglot,https://github.com/exercism/cpp,cat/a0/71/a071ab77d8c1efe980e7b57276119895fe0c90fd6ba7f93b29a2f303169e2726
resistor-color-trio,3cf98e6c-911f-4921-bfc8-7c0f84d49e19,ce48019c56a20afa60c62413f00ea11e8296da10e56bb85c395c36587db3445d,java,polyglot,https://github.com/exercism/java,cat/ce/48/ce48019c56a20afa60c62413f00ea11e8296da10e56bb85c395c36587db3445d
sublist,96f99673-4526-4e89-ab53-e27843189d8d,ab45fb3d600f68c9775c1a0431f5ea0e268b4fc5610ca4de211f80d6862421cc,go,polyglot,https://github.com/exercism/go,cat/ab/45/ab45fb3d600f68c9775c1a0431f5ea0e268b4fc5610ca4de211f80d6862421cc
beer-song,dbfcde78-4a92-4095-87c4-becd072b7963,ab20e6b6abde101860cbb743b377f2215f86e73d619b1ba9939172dad96518bb,python,polyglot,https://github.com/exercism/python,cat/ab/20/ab20e6b6abde101860cbb743b377f2215f86e73d619b1ba9939172dad96518bb
zebra-puzzle,f883643b-31d4-427a-8a4d-efbaeb83739a,b7a6edee7245187f0363d66e16a173323241aa90fa98b801dc1fef70b2fa68a9,cpp,polyglot,https://github.com/exercism/cpp,cat/b7/a6/b7a6edee7245187f0363d66e16a173323241aa90fa98b801dc1fef70b2fa68a9
tree-building,e2e61bc8-7c78-4799-8229-d78cdcabab77,6b49ea342813468e01329fb1df70de6f5952facc72ed32247c57d25c36d06ae0,go,polyglot,https://github.com/exercism/go,cat/6b/49/6b49ea342813468e01329fb1df70de6f5952facc72ed32247c57d25c36d06ae0
scale-generator,37b03a5e-58fe-4e9a-91bb-a40386fdb115,4589eba531dbb56e22b4139d79c59f357cbcca1d98919c2c95bcd57cf19ea56a,rust,polyglot,https://github.com/exercism/rust,cat/45/89/4589eba531dbb56e22b4139d79c59f357cbcca1d98919c2c95bcd57cf19ea56a
simple-linked-list,934d8c1a-5e59-4ed7-9603-68f5250fc08e,2a4ed76b3eb9a23311368f9e83d5cc829e0817740137d3c8f1d55ca7354debdf,python,polyglot,https://github.com/exercism/python,cat/2a/4e/2a4ed76b3eb9a23311368f9e83d5cc829e0817740137d3c8f1d55ca7354debdf
macros,fe060c3b-473d-4ccd-86ec-4980ac1edc7b,2a693a97301643e9dd2d551ad6921d8bb8c94ac820f29853c134248254e8ccb8,rust,polyglot,https://github.com/exercism/rust,cat/2a/69/2a693a97301643e9dd2d551ad6921d8bb8c94ac820f29853c134248254e8ccb8
bottle-song,42dbf3d0-5bcb-44cc-a836-9a967b2c4bc9,28448d25a091ffd346811a8bcfbc63cac89b94f90bec5952d3412635e9ece116,javascript,polyglot,https://github.com/exercism/javascript,cat/28/44/28448d25a091ffd346811a8bcfbc63cac89b94f90bec5952d3412635e9ece116
sgf-parsing,c6606aa4-3258-4a4a-81ba-393e9bf1a40a,75668b80b75ab054b2911dcc82f1da4c00e24498f65e3e1227e93656d5be4321,java,polyglot,https://github.com/exercism/java,cat/75/66/75668b80b75ab054b2911dcc82f1da4c00e24498f65e3e1227e93656d5be4321
robot-name,c4858d33-0508-4c6a-a3cf-afd8e8437aa3,99b644e214facb96feac797a8293b1d6080de8367a9c44d65aac68d5468a29f7,python,polyglot,https://github.com/exercism/python,cat/99/b6/99b644e214facb96feac797a8293b1d6080de8367a9c44d65aac68d5468a29f7
sum-of-multiples,ff5d1ec1-0b53-4b00-bf8d-3335d89cf1e1,9946b557815cfe8f673edb99a49538c98f9ffc9609634fd52f84dfd168e9915f,javascript,polyglot,https://github.com/exercism/javascript,cat/99/46/9946b557815cfe8f673edb99a49538c98f9ffc9609634fd52f84dfd168e9915f
wordy,8b99a319-510a-4e10-841f-f875e2118e15,3c69451b3aa6ee241ea2892ac2b9c738853f533064b86a0434b4142ac2580074,go,polyglot,https://github.com/exercism/go,cat/3c/69/3c69451b3aa6ee241ea2892ac2b9c738853f533064b86a0434b4142ac2580074
nucleotide-codons,e2617f3c-2a55-4434-84ca-f0c526be7a32,3c34dd375064c5db5d9e206b4d0706564c8dad5289814f501be5bc599cc01c24,rust,polyglot,https://github.com/exercism/rust,cat/3c/34/3c34dd375064c5db5d9e206b4d0706564c8dad5289814f501be5bc599cc01c24
custom-set,85c494bc-79e3-47c0-85cf-93f8887f46ff,6e19d3c499d42a047fa14482d37db67279e8c1a64a0e80cc68fea384c1a41226,java,polyglot,https://github.com/exercism/java,cat/6e/19/6e19d3c499d42a047fa14482d37db67279e8c1a64a0e80cc68fea384c1a41226
go-counting,a68d8232-6276-41ea-b12e-14785f959497,059f9c9264a8a8f51070e569c3278b95cbf60c1049ec43127ca04847303fdd2d,javascript,polyglot,https://github.com/exercism/javascript,cat/05/9f/059f9c9264a8a8f51070e569c3278b95cbf60c1049ec43127ca04847303fdd2d
phone-number,d60b6834-f796-4b64-a173-cd49f8eca2c7,2cf6b64acf34df001e085824d9abe6ed550ba312bd950702c1149d1d7e366b93,python,polyglot,https://github.com/exercism/python,cat/2c/f6/2cf6b64acf34df001e085824d9abe6ed550ba312bd950702c1149d1d7e366b93
ocr-numbers,184f46ff-f5bd-4fb7-bd59-9a153c4da400,5668cb82edb7423e456173aa08e1161560f6575e58993d904ce75c05f6f5c1c1,javascript,polyglot,https://github.com/exercism/javascript,cat/56/68/5668cb82edb7423e456173aa08e1161560f6575e58993d904ce75c05f6f5c1c1
food-chain,9c4e35cc-7aa7-4733-ac27-6abdbb6497e3,5667e743bfc69fdb3124171677600bce341a18b8ceafdb6ab5b7542fa95dc167,go,polyglot,https://github.com/exercism/go,cat/56/67/5667e743bfc69fdb3124171677600bce341a18b8ceafdb6ab5b7542fa95dc167
pig-latin,1e6a7fb8-3674-4098-a568-fa1b8c6c91bf,adcc945df40ba212605f665c4adf5c5e7e1d186d4af8b8256a1726becaa5dd0f,java,polyglot,https://github.com/exercism/java,cat/ad/cc/adcc945df40ba212605f665c4adf5c5e7e1d186d4af8b8256a1726becaa5dd0f
series,abd108a2-32bb-4096-b008-1732e55f7ee8,8235138580cb64db9eec1c72774613a5f7d28ce346e4e2e1e9d90fb0042e1523,java,polyglot,https://github.com/exercism/java,cat/82/35/8235138580cb64db9eec1c72774613a5f7d28ce346e4e2e1e9d90fb0042e1523
crypto-square,c50eb456-c9f5-42c4-ae1f-c1a95a4c7d21,7bf2bd4d2c3369c13ba39e1192d773e54c3644ac55c97f1fc5bcb57c01290a49,cpp,polyglot,https://github.com/exercism/cpp,cat/7b/f2/7bf2bd4d2c3369c13ba39e1192d773e54c3644ac55c97f1fc5bcb57c01290a49
rest-api,10b48b4b-1ae9-4511-b7d6-f60af001ef00,7be6d259bae5ce3ccafa5c4728532f27206ee359f6033a14f3cc9a2158551b46,javascript,polyglot,https://github.com/exercism/javascript,cat/7b/e6/7be6d259bae5ce3ccafa5c4728532f27206ee359f6033a14f3cc9a2158551b46
rational-numbers,296f0edb-b8e8-4cb1-94ea-e0c53c4c6f12,54fe24116176c6c8e5105513026f1ec4e533fe51a5591f60a8cd5bf4ef1dc0a9,javascript,polyglot,https://github.com/exercism/javascript,cat/54/fe/54fe24116176c6c8e5105513026f1ec4e533fe51a5591f60a8cd5bf4ef1dc0a9
kindergarten-garden,581fb44d-93a0-4824-bfa2-090277f23053,0d7aa422d406121d6abec44c10a5cef95fdd79ab81a474c5d9d33d80c03c23b2,java,polyglot,https://github.com/exercism/java,cat/0d/7a/0d7aa422d406121d6abec44c10a5cef95fdd79ab81a474c5d9d33d80c03c23b2
protein-translation,9049a15b-9161-40f4-96e8-23118c9bfc08,0d77b6c93eb1394ff74e669d2703a2c69f2f49e092392ab1051e8edc6e49de21,go,polyglot,https://github.com/exercism/go,cat/0d/77/0d77b6c93eb1394ff74e669d2703a2c69f2f49e092392ab1051e8edc6e49de21
robot-simulator,829c599b-3d3b-4549-90c8-a3b47be98d89,0dc179898bf3dd97353c9d9d81bab2f6dd6d92e486ad9d99fa0b1af4e3ee594a,go,polyglot,https://github.com/exercism/go,cat/0d/c1/0dc179898bf3dd97353c9d9d81bab2f6dd6d92e486ad9d99fa0b1af4e3ee594a
react,2220c0e8-8b30-4a9a-a80e-5a00d3258c6f,2fe78883e05b60f9f8278d3d31ef843ef5b453c8fa7e7cea102b16cfa7baa952,go,polyglot,https://github.com/exercism/go,cat/2f/e7/2fe78883e05b60f9f8278d3d31ef843ef5b453c8fa7e7cea102b16cfa7baa952
mazy-mice,d61d4235-37d5-446e-9813-5bb23e6a6360,26d15aed3ca329a26150456d02f227dd4e403503c1611bfc4da7bc9f12514358,java,polyglot,https://github.com/exercism/java,cat/26/d1/26d15aed3ca329a26150456d02f227dd4e403503c1611bfc4da7bc9f12514358
variable-length-quantity,230bff97-a287-4245-8937-92003e650280,0911355ef4ff5a1b5b9b4b9e4485159b8359b45ee3e7a4404664db0a72252b39,go,polyglot,https://github.com/exercism/go,cat/09/11/0911355ef4ff5a1b5b9b4b9e4485159b8359b45ee3e7a4404664db0a72252b39
food-chain,5708d93c-c80a-496a-90db-f56d99186a74,637a23b8e2b17e92af30a86b50b1054a95692d1d94816a02e9b798826928b0a4,java,polyglot,https://github.com/exercism/java,cat/63/7a/637a23b8e2b17e92af30a86b50b1054a95692d1d94816a02e9b798826928b0a4
sgf-parsing,833e1fe1-ce12-4681-852d-d7aa8270d0f4,a6dc378e8c5c0f2d2c2a64a0e7507c14d9b724cd342a0ef24ce0eb949386944b,python,polyglot,https://github.com/exercism/python,cat/a6/dc/a6dc378e8c5c0f2d2c2a64a0e7507c14d9b724cd342a0ef24ce0eb949386944b
connect,7d0dc59c-8214-491c-8a11-2f676b049f10,a6f1c6e26647fe96277a4c2a6078ae8d87e7ffc9d0fd7b9f065b47a8f64c6e13,python,polyglot,https://github.com/exercism/python,cat/a6/f1/a6f1c6e26647fe96277a4c2a6078ae8d87e7ffc9d0fd7b9f065b47a8f64c6e13
hangman,591aa0c3-56bb-4b5e-bfc5-460c9294dae0,a6bf7061ab60a8f046f56913aebd20a8a467ea21be2810c28dd1457556acf7a2,java,polyglot,https://github.com/exercism/java,cat/a6/bf/a6bf7061ab60a8f046f56913aebd20a8a467ea21be2810c28dd1457556acf7a2
grade-school,166ec2b2-503c-4f95-8160-1fdff1e370f6,a6bfb9331674bd468dcbb0038c5ac062e14ed2a38b5b9c5fa382d89365ef751d,javascript,polyglot,https://github.com/exercism/javascript,cat/a6/bf/a6bfb9331674bd468dcbb0038c5ac062e14ed2a38b5b9c5fa382d89365ef751d
robot-name,8802a9a4-4338-4652-bbd4-b4a04cb7aa14,e6c4b3394e0313e77f50a51c3a6987ff0ac0fd85cf70bce64f6e259c18aff318,cpp,polyglot,https://github.com/exercism/cpp,cat/e6/c4/e6c4b3394e0313e77f50a51c3a6987ff0ac0fd85cf70bce64f6e259c18aff318
react,35078274-5b1d-45a7-8273-abde64280513,80c9bfb601939e06925a494a7fd9b591577cee7952a31d8c42976d14aeaa3271,python,polyglot,https://github.com/exercism/python,cat/80/c9/80c9bfb601939e06925a494a7fd9b591577cee7952a31d8c42976d14aeaa3271
word-search,56035754-adb9-446a-a1f2-f23141569f6a,baefa2c6c89e18916cfc1156dcd2b2d05f4220922a42860d8955480416835f69,javascript,polyglot,https://github.com/exercism/javascript,cat/ba/ef/baefa2c6c89e18916cfc1156dcd2b2d05f4220922a42860d8955480416835f69
two-bucket,25631939-987a-4c45-82bd-a9750e2ad8b6,bab5a79f75bdadc0bbcf9c52b7e60aa8ed9c5f168a76ae2072749f8bccc47dbb,javascript,polyglot,https://github.com/exercism/javascript,cat/ba/b5/bab5a79f75bdadc0bbcf9c52b7e60aa8ed9c5f168a76ae2072749f8bccc47dbb
pov,13c197cb-59d2-437a-9e0b-c262d68f9dc3,6f95c124c80f531d71a4a0b9bfd96bfc53c0369cb52e0e02e644e3851c6261cc,go,polyglot,https://github.com/exercism/go,cat/6f/95/6f95c124c80f531d71a4a0b9bfd96bfc53c0369cb52e0e02e644e3851c6261cc
luhn-from,45662181-5593-4e03-9295-f18429a7e4fb,bbd40b5cc929e4b0303357039b3bbc9fc2c247c424393dc868cab39ff49528b7,rust,polyglot,https://github.com/exercism/rust,cat/bb/d4/bbd40b5cc929e4b0303357039b3bbc9fc2c247c424393dc868cab39ff49528b7
ocr-numbers,a754cce9-7d7e-404a-ba5f-3c8f7f34f74b,7a03ffb98a0c2cf1c2586bf1c85ef12c50c2bf45d90c53a8ef0a0b73cb989d29,java,polyglot,https://github.com/exercism/java,cat/7a/03/7a03ffb98a0c2cf1c2586bf1c85ef12c50c2bf45d90c53a8ef0a0b73cb989d29
say,b28fa614-adaa-4e0c-bf32-f58a4dd8ac32,950f16ec3efe9e6ceaf00e6d76ede532046185ed0d9fa8a95f26cb0a8ae4a5d9,go,polyglot,https://github.com/exercism/go,cat/95/0f/950f16ec3efe9e6ceaf00e6d76ede532046185ed0d9fa8a95f26cb0a8ae4a5d9
ledger,c8a3e810-58b3-476b-a03c-169ea468d04e,9592382f24f2610e68417542fc060a3e1ab749a64866c3133235be91c7706bcb,javascript,polyglot,https://github.com/exercism/javascript,cat/95/92/9592382f24f2610e68417542fc060a3e1ab749a64866c3133235be91c7706bcb
bottle-song,67e1ccb3-7385-4309-bd21-eac9ba37bfae,47445a5c09f908d21d7df91f0bfd92b5117527cd1324ac6988fba878857d172d,go,polyglot,https://github.com/exercism/go,cat/47/44/47445a5c09f908d21d7df91f0bfd92b5117527cd1324ac6988fba878857d172d
perfect-numbers,c0066e6c-c9d0-43ee-9916-df4614e0ea33,c8ae91af55cd66b3c9cb2badf293d90addcc581f9e1c15a29d0f065b34fe7683,cpp,polyglot,https://github.com/exercism/cpp,cat/c8/ae/c8ae91af55cd66b3c9cb2badf293d90addcc581f9e1c15a29d0f065b34fe7683
palindrome-products,dd4f5f9c-71fd-4793-ad1d-e91089b02990,c8f3341cfb1d2b02e968c3ce632b8d8887e57369e446abc38153b4dca73a963a,go,polyglot,https://github.com/exercism/go,cat/c8/f3/c8f3341cfb1d2b02e968c3ce632b8d8887e57369e446abc38153b4dca73a963a
sublist,f9e63efc-f391-4aae-83b7-3e0027bd1780,c248f985ae0baf3fb80ae8bcab52b9644d992bbc5187b0a5375d1f5bf89994b4,cpp,polyglot,https://github.com/exercism/cpp,cat/c2/48/c248f985ae0baf3fb80ae8bcab52b9644d992bbc5187b0a5375d1f5bf89994b4
promises,e70c97f0-c9f0-4fae-82e6-4173384fdc65,dc0285211df370a3affbd310ccd516a24389903b159c6ca926604df4d0b89421,javascript,polyglot,https://github.com/exercism/javascript,cat/dc/02/dc0285211df370a3affbd310ccd516a24389903b159c6ca926604df4d0b89421
food-chain,f3bb7fa3-c0f2-4d71-b3f5-55467a35889f,dc73af2293bd5e7bb4ca9865693b32ae6f0944cdb16a17961217b983a3aca7c4,python,polyglot,https://github.com/exercism/python,cat/dc/73/dc73af2293bd5e7bb4ca9865693b32ae6f0944cdb16a17961217b983a3aca7c4
phone-number,39a91913-217f-48a9-acf7-6fbc762de3db,5adf81a0e128996a1848ad00546900c33fe311d02b4f97fc4c025086aeec1a32,java,polyglot,https://github.com/exercism/java,cat/5a/df/5adf81a0e128996a1848ad00546900c33fe311d02b4f97fc4c025086aeec1a32
paasio,a179c797-e94c-43b1-8c0a-1b7f7d0b0fa1,f1e54baa233b13166020407c35034ae12abb2427f02420ac456204a3cf8f7c77,python,polyglot,https://github.com/exercism/python,cat/f1/e5/f1e54baa233b13166020407c35034ae12abb2427f02420ac456204a3cf8f7c77
variable-length-quantity,936e4860-be41-46a1-9e79-0c9f0ec602ff,230278ad9c8f21887416e5f3063c525ad35c13da8f5c21fee7ff5520bc866815,javascript,polyglot,https://github.com/exercism/javascript,cat/23/02/230278ad9c8f21887416e5f3063c525ad35c13da8f5c21fee7ff5520bc866815
octal,70149402-0fd0-4529-8b72-c4dac2b7e87e,ffc4c8ddb7a79c855a454f56939582477aef3475334c7beeca6e936aa25dd8b0,go,polyglot,https://github.com/exercism/go,cat/ff/c4/ffc4c8ddb7a79c855a454f56939582477aef3475334c7beeca6e936aa25dd8b0
scale-generator,8f79ca4e-51d1-40bc-88d8-78ca16469301,b638477d26fb38ceac46c9c63d58a80015467d83e3057b62557e7390b43100b5,go,polyglot,https://github.com/exercism/go,cat/b6/38/b638477d26fb38ceac46c9c63d58a80015467d83e3057b62557e7390b43100b5
protein-translation,d123b197-e93d-44c9-a316-4d4fdacd5e97,9748069f5f7734ac3e55a068de924c0d4817abad836f785005be4f215669c88c,java,polyglot,https://github.com/exercism/java,cat/97/48/9748069f5f7734ac3e55a068de924c0d4817abad836f785005be4f215669c88c
markdown,e53132c4-4af8-469a-8a72-b057decf3d9e,c9bf7230c555aec438af25f1a016cc857a50d837491c5230977f601e19dfb706,go,polyglot,https://github.com/exercism/go,cat/c9/bf/c9bf7230c555aec438af25f1a016cc857a50d837491c5230977f601e19dfb706
bowling,70dd8c34-9035-4c5a-bd58-cd7bfadb29cd,f34c75f23c6d48eddc57bc8f0e6c81293ab8283273e5eb8291f477d668b5fefb,rust,polyglot,https://github.com/exercism/rust,cat/f3/4c/f34c75f23c6d48eddc57bc8f0e6c81293ab8283273e5eb8291f477d668b5fefb
transpose,d715c049-d672-4dcf-b3e9-5054b213117b,2299623568360a7c26b835448ffa47643079b2a0a1743ec74204327fd7b85832,go,polyglot,https://github.com/exercism/go,cat/22/99/2299623568360a7c26b835448ffa47643079b2a0a1743ec74204327fd7b85832
dnd-character,477e835c-c100-4612-bf65-4c9b92a10af1,a1a2943233192bd99a5dae2f03533c946fb5deb89ed7a17e6d62458777e9a81c,go,polyglot,https://github.com/exercism/go,cat/a1/a2/a1a2943233192bd99a5dae2f03533c946fb5deb89ed7a17e6d62458777e9a81c
matrix,6f888cc2-4628-41ff-97c8-2cee2087b3a2,a5ddb177dba1c5012ce0846b4a10570ce97159db879b5320354f546856093a8b,go,polyglot,https://github.com/exercism/go,cat/a5/dd/a5ddb177dba1c5012ce0846b4a10570ce97159db879b5320354f546856093a8b
alphametics,5f075e44-9eaf-4b0c-9178-10fb3c464562,e916977571c2d9003205fe090ca1fd2601ae27743a67b569d1f76369e0618c58,javascript,polyglot,https://github.com/exercism/javascript,cat/e9/16/e916977571c2d9003205fe090ca1fd2601ae27743a67b569d1f76369e0618c58
fizzy,04009df6-e9d7-4e98-a726-a88a13eb4b10,7c1b622b70b31aaff3348c23fec77791458f793ffa9949c67116d0c3ee854a80,rust,polyglot,https://github.com/exercism/rust,cat/7c/1b/7c1b622b70b31aaff3348c23fec77791458f793ffa9949c67116d0c3ee854a80
palindrome-products,10d0a1e9-dcfc-4ac0-bf57-241356c00530,7c4d437c52f1383137577d3b89f0ac6e095838423738142a9c1ad6b7ff174964,javascript,polyglot,https://github.com/exercism/javascript,cat/7c/4d/7c4d437c52f1383137577d3b89f0ac6e095838423738142a9c1ad6b7ff174964
alphametics,030a83b3-7561-4121-bb82-3a8cbe6ddb8e,102d57cc1e2fb676c8729e84c6274f4e853ad13188935dfd9851ab10eee780af,go,polyglot,https://github.com/exercism/go,cat/10/2d/102d57cc1e2fb676c8729e84c6274f4e853ad13188935dfd9851ab10eee780af
killer-sudoku-helper,e5fb2a76-aa69-47b7-af4d-ab51b4521329,10d3bd8cb7ed6ad0747fb9bd6b486f8fa1fac2885828163a846cf2bd0f0e8e24,javascript,polyglot,https://github.com/exercism/javascript,cat/10/d3/10d3bd8cb7ed6ad0747fb9bd6b486f8fa1fac2885828163a846cf2bd0f0e8e24
all-your-base,7ecb4a9f-9198-412d-aa7b-32837bc9be36,1287132abac87f97b1b30ca9574d78d5a67493ff2d15ec76c6ff80e056c70659,java,polyglot,https://github.com/exercism/java,cat/12/87/1287132abac87f97b1b30ca9574d78d5a67493ff2d15ec76c6ff80e056c70659
allergies,829ba329-2852-4434-9514-fd0e8eb6065e,127127eba183c4adbd98dc6bce32c1344795baceca8efe9671150fc7515b6634,cpp,polyglot,https://github.com/exercism/cpp,cat/12/71/127127eba183c4adbd98dc6bce32c1344795baceca8efe9671150fc7515b6634
wordy,bb48379a-4c3b-4237-b95a-b8f9485ab37c,2e9cbd39daee9dd282263940e8bf1c1c387d5700bd04ca96b6b0da789e8d1d7a,javascript,polyglot,https://github.com/exercism/javascript,cat/2e/9c/2e9cbd39daee9dd282263940e8bf1c1c387d5700bd04ca96b6b0da789e8d1d7a
kindergarten-garden,23f338b7-980d-4523-bbe0-08914bffef53,8a7a2752d3d5e476252f58bd57723cf0ad343dc43a5573d8d8cb3d82821eed7b,go,polyglot,https://github.com/exercism/go,cat/8a/7a/8a7a2752d3d5e476252f58bd57723cf0ad343dc43a5573d8d8cb3d82821eed7b
grep,26ea714b-aca8-4b45-a2a3-8c99cec4e347,93b9736f65649ccdcb93457abc9301b8cc9d0980c347f80ed957c3d4cd0a1a1f,rust,polyglot,https://github.com/exercism/rust,cat/93/b9/93b9736f65649ccdcb93457abc9301b8cc9d0980c347f80ed957c3d4cd0a1a1f
counter,a3e0a4a8-80c4-4ef7-a249-83fd2116e2ce,24a68904b4d478ca62c1fbd14b003f92619998873955fc4035a63410f80f9f81,go,polyglot,https://github.com/exercism/go,cat/24/a6/24a68904b4d478ca62c1fbd14b003f92619998873955fc4035a63410f80f9f81
parallel-letter-frequency,9220867a-f71e-443f-a2fe-f11714818d74,9692fc33fe4612d09c336416666fb45a7844b2fe272464f594040fa6f793c5df,javascript,polyglot,https://github.com/exercism/javascript,cat/96/92/9692fc33fe4612d09c336416666fb45a7844b2fe272464f594040fa6f793c5df
variable-length-quantity,9e76cb2b-5b3e-4137-9bd4-010859efd17f,96022e1f386a3fd818c2fb03d4427a22dd2e75d2e0a4dea2b17aef1e204c1871,java,polyglot,https://github.com/exercism/java,cat/96/02/96022e1f386a3fd818c2fb03d4427a22dd2e75d2e0a4dea2b17aef1e204c1871
zipper,97488a93-9a7a-40de-91e7-130261dcee18,53f15bd47e10ab2c2e028b9c236e27d1c45fd901a31b31904db258ae2f69b72a,java,polyglot,https://github.com/exercism/java,cat/53/f1/53f15bd47e10ab2c2e028b9c236e27d1c45fd901a31b31904db258ae2f69b72a
two-bucket,f859ff39-9e26-4123-8fc1-cdbefc9f7ab2,5fcb1b66f904ec6cafb6bcb355f6ef547467f898cb7bf69ecd504c2a16d29e68,python,polyglot,https://github.com/exercism/python,cat/5f/cb/5fcb1b66f904ec6cafb6bcb355f6ef547467f898cb7bf69ecd504c2a16d29e68
two-bucket,806c4313-c0af-4e34-82a9-addf5e63df12,42fb3a21441d20f5578bfe8a51ecbc322aa5c4f5932e99509421373be856baa9,go,polyglot,https://github.com/exercism/go,cat/42/fb/42fb3a21441d20f5578bfe8a51ecbc322aa5c4f5932e99509421373be856baa9
react,4b4e9f11-70ea-40b6-9483-e0f624c53d0c,42ea1e7e69d89261a0c8215f54b985d8efba3d20a0d30ecc23b54a2e8cb9f36a,javascript,polyglot,https://github.com/exercism/javascript,cat/42/ea/42ea1e7e69d89261a0c8215f54b985d8efba3d20a0d30ecc23b54a2e8cb9f36a
pythagorean-triplet,44ec10ad-b33e-4957-aa44-f02af832f287,d4f1f5390eb32b9d6d219dff0d8a083b86da658c38e80c6fed62835b4b928c9e,java,polyglot,https://github.com/exercism/java,cat/d4/f1/d4f1f5390eb32b9d6d219dff0d8a083b86da658c38e80c6fed62835b4b928c9e
error-handling,819c4b66-93b7-42e4-951d-d95a664a5acc,fc9f00a81f3b24b2ed4a01b678ca176d3cee516684dc90f9588464c03c30ea0a,go,polyglot,https://github.com/exercism/go,cat/fc/9f/fc9f00a81f3b24b2ed4a01b678ca176d3cee516684dc90f9588464c03c30ea0a
space-age,f4110913-81a6-405f-ac6f-76ba760c8352,c3a3653a12557d87dabb5c1d0b4874f9f5fdbeb0eea20c63852e687c8038f788,javascript,polyglot,https://github.com/exercism/javascript,cat/c3/a3/c3a3653a12557d87dabb5c1d0b4874f9f5fdbeb0eea20c63852e687c8038f788
tree-building,6d262f08-6b42-4dba-8702-99c0e5776b5c,c3a9832a7a5c0feec190f9f5d963fd40b9d287b96815283525975c817da70937,java,polyglot,https://github.com/exercism/java,cat/c3/a9/c3a9832a7a5c0feec190f9f5d963fd40b9d287b96815283525975c817da70937
say,c3a54c9e-4e02-457a-8235-c70022c5b938,b4664fd5b64c1af26873f2144e1cdd42f65cdff25a8473e2c98a12703bffdbfc,rust,polyglot,https://github.com/exercism/rust,cat/b4/66/b4664fd5b64c1af26873f2144e1cdd42f65cdff25a8473e2c98a12703bffdbfc
list-ops,7cdcad46-de39-43ba-9d72-43b17a990a67,8c1d63bfa782030bfe0626d31113fd109f8e9ac78c2081d76e34d5ad12a1d7a2,python,polyglot,https://github.com/exercism/python,cat/8c/1d/8c1d63bfa782030bfe0626d31113fd109f8e9ac78c2081d76e34d5ad12a1d7a2
affine-cipher,c7aa8001-b055-4a8b-b570-9a8b27a43b13,fb972309834f872e0c05e4b2ecb34847ae7a1cb340e061b0b35239cd9e1df81f,java,polyglot,https://github.com/exercism/java,cat/fb/97/fb972309834f872e0c05e4b2ecb34847ae7a1cb340e061b0b35239cd9e1df81f
simple-linked-list,b0f7c896-47b8-47f4-b4b3-5cb67b7de9fb,fb8cedb8750693e4fbcf9e3ed65a840bcbeec7f8a5a7c5e587479850178fdfc0,java,polyglot,https://github.com/exercism/java,cat/fb/8c/fb8cedb8750693e4fbcf9e3ed65a840bcbeec7f8a5a7c5e587479850178fdfc0
variable-length-quantity,f1d22b7c-938a-4097-a69a-95d2d15f523e,46dad8cd7565691e85f3e46ed1b85463c25dd052869b1daa9555728c40d21f18,rust,polyglot,https://github.com/exercism/rust,cat/46/da/46dad8cd7565691e85f3e46ed1b85463c25dd052869b1daa9555728c40d21f18
forth,cc467c6e-b394-471a-a3f5-edc9a55f6427,703d8452ce18f7a98b5154cc40ede0bb6b607a399a2f8bf6a7658f7b20aa9da3,java,polyglot,https://github.com/exercism/java,cat/70/3d/703d8452ce18f7a98b5154cc40ede0bb6b607a399a2f8bf6a7658f7b20aa9da3
alphametics,40a326a3-7608-45f8-b4b7-27cbb3185d4f,3be01b27093a83fbb4cb8e957c34812405ace2024aaad0256f0200a2c6a4981f,rust,polyglot,https://github.com/exercism/rust,cat/3b/e0/3be01b27093a83fbb4cb8e957c34812405ace2024aaad0256f0200a2c6a4981f
satellite,f09bf8bb-d388-4744-b759-b82ca1dcc995,d8a0ba16b8d5570b21b407dec4b70d7644b3cc9735c0738a80bde7c375b6688b,java,polyglot,https://github.com/exercism/java,cat/d8/a0/d8a0ba16b8d5570b21b407dec4b70d7644b3cc9735c0738a80bde7c375b6688b
circular-buffer,64194acf-c48b-4cae-b411-1b0cafaa499a,66322a7ca2763839815bc9c633cf3dce0de314e85cde8aa914eded583f3ef9ee,java,polyglot,https://github.com/exercism/java,cat/66/32/66322a7ca2763839815bc9c633cf3dce0de314e85cde8aa914eded583f3ef9ee
pig-latin,1ad0f8be-4e6e-4379-bdd8-63bcd628e682,8965bb60bab895032d8dd35277906fd407a350a2953328a7bffe37244f5f9461,rust,polyglot,https://github.com/exercism/rust,cat/89/65/8965bb60bab895032d8dd35277906fd407a350a2953328a7bffe37244f5f9461
space-age,ffa5daf3-1af6-4468-a28c-0fd9a1cef037,6402d1563c51e4415a4ec2ce4f91bee357339ad8deffbdc0632d17a61cf2a6e6,cpp,polyglot,https://github.com/exercism/cpp,cat/64/02/6402d1563c51e4415a4ec2ce4f91bee357339ad8deffbdc0632d17a61cf2a6e6
twelve-days,05501c30-2f03-4137-b4bf-e5bdc5d6ae3d,62a610dcc71c4a9f28525f159211a01beed46f2c91cec2e0a65061bf5c2650ba,java,polyglot,https://github.com/exercism/java,cat/62/a6/62a610dcc71c4a9f28525f159211a01beed46f2c91cec2e0a65061bf5c2650ba
poker,c698c612-3d50-4ba5-aab7-6ae2962712a0,6213378f9c22a71ac130c114e68109d403e2a77830010abf591d546d9305de65,go,polyglot,https://github.com/exercism/go,cat/62/13/6213378f9c22a71ac130c114e68109d403e2a77830010abf591d546d9305de65
dnd-character,61312aef-0ddc-4b7c-a03f-95e783c8f65e,dd57dc7e3d02c4e8eb1e2e83e0faa1e5b7bb02b770b32659162bd3af1be64fb3,cpp,polyglot,https://github.com/exercism/cpp,cat/dd/57/dd57dc7e3d02c4e8eb1e2e83e0faa1e5b7bb02b770b32659162bd3af1be64fb3
meetup,ea179608-11b0-4d6b-83ab-71dbfb2c1c3b,30085410bae5a5ea0adc4a94e2071e083a244d88351c8f5029f57907befed9dc,cpp,polyglot,https://github.com/exercism/cpp,cat/30/08/30085410bae5a5ea0adc4a94e2071e083a244d88351c8f5029f57907befed9dc
go-counting,29721b3e-2b7e-40fe-866a-ad845e126703,30084ed76d01453a0335309cec6c1eff2b6fc7ffd5151e0fb18b3e0066a33c5b,python,polyglot,https://github.com/exercism/python,cat/30/08/30084ed76d01453a0335309cec6c1eff2b6fc7ffd5151e0fb18b3e0066a33c5b
change,86f8faff-3589-4c9b-9fd7-7207cb77e7de,7f4702dc6f848033ce987cccbb53450c12df03fb9c54230204c3447d65f41560,java,polyglot,https://github.com/exercism/java,cat/7f/47/7f4702dc6f848033ce987cccbb53450c12df03fb9c54230204c3447d65f41560
scale-generator,be36e315-e11d-4770-a969-1b55e239b5bb,7f1988cd9e4a574aef4876e5429d4d81b0a5352eb465741130bcd9932d63d963,javascript,polyglot,https://github.com/exercism/javascript,cat/7f/19/7f1988cd9e4a574aef4876e5429d4d81b0a5352eb465741130bcd9932d63d963
gigasecond,39a4c8c5-e73a-401b-b856-c55a2d425a2c,7f315465599feb2299435dc29838dfc98c6ca33a6ca2334a8419f5e6811c2219,cpp,polyglot,https://github.com/exercism/cpp,cat/7f/31/7f315465599feb2299435dc29838dfc98c6ca33a6ca2334a8419f5e6811c2219
state-of-tic-tac-toe,6b5c74f5-82ff-437d-875b-5ea76e7aac06,35160f53aa5727e40a4f41fa5bf9661431fc96856bb26c4410b4c0b69a7bbcc4,java,polyglot,https://github.com/exercism/java,cat/35/16/35160f53aa5727e40a4f41fa5bf9661431fc96856bb26c4410b4c0b69a7bbcc4
meetup,01d8d677-62f0-43e3-866c-8fea747d0da1,d1780edce9117ba74283a4be6ac16bf715520c3d42cb1baeaf32271e31f359fb,javascript,polyglot,https://github.com/exercism/javascript,cat/d1/78/d1780edce9117ba74283a4be6ac16bf715520c3d42cb1baeaf32271e31f359fb
ledger,e9dc47fb-80d1-46e1-9534-0acf97846051,d1d18d3b22efacef459a0b0156d9a9a40be78bb17cead3f8398d7b07e28e35af,go,polyglot,https://github.com/exercism/go,cat/d1/d1/d1d18d3b22efacef459a0b0156d9a9a40be78bb17cead3f8398d7b07e28e35af
simple-linked-list,442e7b00-dc0f-45f2-8227-11e545ab217b,2b60e59aa8dc60f58f2d9ed3fed6d0df25c0cbef1aa659a3ecb9485e0e72e42f,go,polyglot,https://github.com/exercism/go,cat/2b/60/2b60e59aa8dc60f58f2d9ed3fed6d0df25c0cbef1aa659a3ecb9485e0e72e42f
ledger,a53612ca-5d2f-4891-9f16-25d496607f28,146942d61a214bc8beb6d054ac46d5b0826c3401d0bfb4894887a45f393d71d0,java,polyglot,https://github.com/exercism/java,cat/14/69/146942d61a214bc8beb6d054ac46d5b0826c3401d0bfb4894887a45f393d71d0
zipper,de1e1dbd-0dbe-43dc-8e4b-b02665a7e4b2,40f71bf93d8649b61469bccf69109c7258a729249d6ba31136132b421353b9e1,python,polyglot,https://github.com/exercism/python,cat/40/f7/40f71bf93d8649b61469bccf69109c7258a729249d6ba31136132b421353b9e1
binary,8ea5db49-ad3d-4daa-9bb0-e61ee5a77b79,40b3db0e76617402e7bedaeb56dd0d989691c6c7617e95219417e6702bbec2f2,javascript,polyglot,https://github.com/exercism/javascript,cat/40/b3/40b3db0e76617402e7bedaeb56dd0d989691c6c7617e95219417e6702bbec2f2
triangle,6222015a-2f6b-4694-ab37-5dafb49d1cfc,b18f7524fb0a6b39217b5241444543d1beb7c7ce0db4f911646a694eb9f09164,javascript,polyglot,https://github.com/exercism/javascript,cat/b1/8f/b18f7524fb0a6b39217b5241444543d1beb7c7ce0db4f911646a694eb9f09164
two-bucket,fe89fd8e-f58e-4420-833d-7ac2d029c10a,e52368ee68014e4423ea7b643b217793afab02cba7d84c62d3e932d524aec999,java,polyglot,https://github.com/exercism/java,cat/e5/23/e52368ee68014e4423ea7b643b217793afab02cba7d84c62d3e932d524aec999
trinary,c343cac9-affc-4f27-8130-2909975e9296,797a83ab141b6ba4ae54e6787a9ad42eb2fe3995fb77c4300e8b1c79de6ff5a5,go,polyglot,https://github.com/exercism/go,cat/79/7a/797a83ab141b6ba4ae54e6787a9ad42eb2fe3995fb77c4300e8b1c79de6ff5a5
beer-song,f8311142-8045-4f76-a4ed-2fea775f484d,7912ae012664e6e195aea17cabe14ee39fbcef363e17959d1a4c19a92546301a,javascript,polyglot,https://github.com/exercism/javascript,cat/79/12/7912ae012664e6e195aea17cabe14ee39fbcef363e17959d1a4c19a92546301a
palindrome-products,0a4de7a2-8594-4b2d-b62e-46cb98020f25,7931d7be496513bf2f1722ff4172e28fd03caa625982859c70cfd52130766883,java,polyglot,https://github.com/exercism/java,cat/79/31/7931d7be496513bf2f1722ff4172e28fd03caa625982859c70cfd52130766883
queen-attack,1e9912fc-d0f3-4551-960b-58dc3460645c,368576b84a8be76b38dc97b9c1598ef32e344cc93301573ba30196f3722a60b7,java,polyglot,https://github.com/exercism/java,cat/36/85/368576b84a8be76b38dc97b9c1598ef32e344cc93301573ba30196f3722a60b7
poker,96f565bf-7d14-48ce-b638-d31c1529315f,68b2229b829918df76a10a11beb3de8af6291cc880434cddca533b1bfbf265ad,javascript,polyglot,https://github.com/exercism/javascript,cat/68/b2/68b2229b829918df76a10a11beb3de8af6291cc880434cddca533b1bfbf265ad
crypto-square,5a8a4337-ee6c-4e6e-a1dc-cef417b85112,1f9e375f4daf985eadfeb90ece41e76f8de4aa665cae22f9d461077319322b5e,go,polyglot,https://github.com/exercism/go,cat/1f/9e/1f9e375f4daf985eadfeb90ece41e76f8de4aa665cae22f9d461077319322b5e
pig-latin,e194e60f-8aaf-4805-ac6b-2e281a110199,9f88a5b831e23ae97a3b45aa00dce24fc9bc90b27839447b24c3a1d3e2cfd3e9,javascript,polyglot,https://github.com/exercism/javascript,cat/9f/88/9f88a5b831e23ae97a3b45aa00dce24fc9bc90b27839447b24c3a1d3e2cfd3e9
rest-api,9d51d119-a4d5-4696-baa8-311bc29637ff,f827765a01b85ba5c2d36f4649cf0a0ea6a3ca65b6658a2158b2c96000300e84,java,polyglot,https://github.com/exercism/java,cat/f8/27/f827765a01b85ba5c2d36f4649cf0a0ea6a3ca65b6658a2158b2c96000300e84
gigasecond,d54c7ffa-742a-4a62-b6a7-1981d6849624,f8932769327887cd7884fb97ec3742ac673ca1f905e4e1dd3fa720458b3a54e0,rust,polyglot,https://github.com/exercism/rust,cat/f8/93/f8932769327887cd7884fb97ec3742ac673ca1f905e4e1dd3fa720458b3a54e0
dominoes,c351195e-9dd2-4c51-98bf-98a360826885,f86513f60e331fa497f3808f786a97b886a9f689ad5910e137e440c2d0c677f0,java,polyglot,https://github.com/exercism/java,cat/f8/65/f86513f60e331fa497f3808f786a97b886a9f689ad5910e137e440c2d0c677f0
wordy,048e431f-ccb6-491d-a573-4a89ce9889d9,c0946992c433b273bf687f5b2a2b1e7b04389b6ba7c0f1b7454bae6460b63124,java,polyglot,https://github.com/exercism/java,cat/c0/94/c0946992c433b273bf687f5b2a2b1e7b04389b6ba7c0f1b7454bae6460b63124
twelve-days,f1ca1b5a-8d70-4233-b8a2-a346b290372e,f959a4fb9cf6d86ed49d22643b9ccb7fb2ece666df4c176ad677e40fcc03c3bc,javascript,polyglot,https://github.com/exercism/javascript,cat/f9/59/f959a4fb9cf6d86ed49d22643b9ccb7fb2ece666df4c176ad677e40fcc03c3bc
parallel-letter-frequency,ff0c9954-650f-43f4-85c2-9417bef2eed0,945385f7dd86e24bde3b7bb3c650cc7a20847c20a5715ec5e928603c44de3581,rust,polyglot,https://github.com/exercism/rust,cat/94/53/945385f7dd86e24bde3b7bb3c650cc7a20847c20a5715ec5e928603c44de3581
react,5392a82c-a772-4001-b159-72720747629b,e12819a45c08f28bc15903f2d57207d351e6e028a9f7f66e4a37814861269e91,rust,polyglot,https://github.com/exercism/rust,cat/e1/28/e12819a45c08f28bc15903f2d57207d351e6e028a9f7f66e4a37814861269e91
pov,8bf660c6-99be-4748-a954-c6955df85938,e1bb7d0824835c3301e70bbc6046d15c594f97a259ea812efaed7c366ed0fceb,java,polyglot,https://github.com/exercism/java,cat/e1/bb/e1bb7d0824835c3301e70bbc6046d15c594f97a259ea812efaed7c366ed0fceb
zebra-puzzle,a34e5308-e0c0-4dfe-9e03-3b0b57d6e736,58f912632f5f0a5be583a5e8b5aab65896d918d554d6f230c8f455ae93a5a161,java,polyglot,https://github.com/exercism/java,cat/58/f9/58f912632f5f0a5be583a5e8b5aab65896d918d554d6f230c8f455ae93a5a161
rectangles,bd76e214-21f2-443a-90af-8e69e803359a,58a89576482be84e9fe9953e6bde891222461e423e33b182c8868ad8f02a0cfd,javascript,polyglot,https://github.com/exercism/javascript,cat/58/a8/58a89576482be84e9fe9953e6bde891222461e423e33b182c8868ad8f02a0cfd
bowling,38daaa8b-3bfa-4417-8008-4ca864b6c5fb,eb6d0c417be510275b8f0895c409e79d8f245d2785b49cc93cf85c97296fdaec,javascript,polyglot,https://github.com/exercism/javascript,cat/eb/6d/eb6d0c417be510275b8f0895c409e79d8f245d2785b49cc93cf85c97296fdaec
grade-school,23372a55-e629-454d-a629-e6589ba05a8c,1156ed30807b461ed369d33d97ec457d8dbf6dd3a32189c4506c47094fd6dbd4,cpp,polyglot,https://github.com/exercism/cpp,cat/11/56/1156ed30807b461ed369d33d97ec457d8dbf6dd3a32189c4506c47094fd6dbd4
forth,e80eb27c-fc66-4168-b6ab-e9398f903dae,0be85dcf27070a6811de7f581915f1abed6fa2099b047c4f129bc145f2c463d4,go,polyglot,https://github.com/exercism/go,cat/0b/e8/0be85dcf27070a6811de7f581915f1abed6fa2099b047c4f129bc145f2c463d4
knapsack,25a3aeb6-8ea6-4f58-9f13-064e44c6bd5e,32fe4c4f9aefe1876a0d32bae9c9e7f4d44204919e7b332022aae87cf12981a8,cpp,polyglot,https://github.com/exercism/cpp,cat/32/fe/32fe4c4f9aefe1876a0d32bae9c9e7f4d44204919e7b332022aae87cf12981a8
house,e6319b3e-bdae-4ed2-b285-cefbebca933a,3200b10567ef444eb255c2dc6090c9252849f941018437eada0ded39f5c0ccff,javascript,polyglot,https://github.com/exercism/javascript,cat/32/00/3200b10567ef444eb255c2dc6090c9252849f941018437eada0ded39f5c0ccff
go-counting,d64b019f-c99f-4100-9804-b55a192abaab,a4caba89642cb002137d56181b8450d91d57b74f353ae533587b168e9fc43375,java,polyglot,https://github.com/exercism/java,cat/a4/ca/a4caba89642cb002137d56181b8450d91d57b74f353ae533587b168e9fc43375
transpose,976287e2-c4f3-4494-8865-c883aefd5c7a,a464d4aa28c21f7bc4adb87dfb7a4728aed8578f37940cf42fd22d9b9ad69ad7,java,polyglot,https://github.com/exercism/java,cat/a4/64/a464d4aa28c21f7bc4adb87dfb7a4728aed8578f37940cf42fd22d9b9ad69ad7
zebra-puzzle,ef9e88eb-030b-4497-bdc7-a735b224f674,3f97989d64cbb2446c010f37bba1b551dbca1a964940933dd1a89637068b91ab,javascript,polyglot,https://github.com/exercism/javascript,cat/3f/97/3f97989d64cbb2446c010f37bba1b551dbca1a964940933dd1a89637068b91ab
word-count,043b201a-a0f2-4e60-a5df-c4e04c6dfbb5,9e2c4d33dee6a08782fdebdb27008e78d085eba5eb5c1cf2f8d5d7654cd170ba,rust,polyglot,https://github.com/exercism/rust,cat/9e/2c/9e2c4d33dee6a08782fdebdb27008e78d085eba5eb5c1cf2f8d5d7654cd170ba
bank-account,b5b8982c-40ad-4ab5-9e49-dce2e637fe4d,9ea1f4b60c4ac92f0d938d72fd0c272eac0ef94b76fb311bbeb85d19468325af,cpp,polyglot,https://github.com/exercism/cpp,cat/9e/a1/9ea1f4b60c4ac92f0d938d72fd0c272eac0ef94b76fb311bbeb85d19468325af
variable-length-quantity,6f1393b3-1f07-4e2c-8ac5-2ce18d7a9add,a2439160c3963e97dc8fa3530ab50afa628fc5045623e3e03803870c9893f76f,python,polyglot,https://github.com/exercism/python,cat/a2/43/a2439160c3963e97dc8fa3530ab50afa628fc5045623e3e03803870c9893f76f
bank-account,da1c651b-22f8-46a5-bd02-6ffb1f15fb3c,a28de2953481e3c2e0f2084b87940fb182d9e258a4e5d98380471c6c797e9061,java,polyglot,https://github.com/exercism/java,cat/a2/8d/a28de2953481e3c2e0f2084b87940fb182d9e258a4e5d98380471c6c797e9061
linked-list,c9f10ae1-e504-4c8c-8325-304d0c70b284,bc18e901f79bf0927d8ad8cf284a2c6dc12df935ba02c2da45124169f396ae22,cpp,polyglot,https://github.com/exercism/cpp,cat/bc/18/bc18e901f79bf0927d8ad8cf284a2c6dc12df935ba02c2da45124169f396ae22
transpose,0db25841-9127-4546-81f4-ce99e4e53860,e4e0afed81cf65ddc4fa93087f26ed45b246c7677fb5f5775464d7f24fe41773,javascript,polyglot,https://github.com/exercism/javascript,cat/e4/e0/e4e0afed81cf65ddc4fa93087f26ed45b246c7677fb5f5775464d7f24fe41773
transpose,a685faf0-e1f5-4dd7-b411-b3600a4b816e,aaa9483618755e1f35710281423127ae64eed7c85824d7e3b704f57195759b44,python,polyglot,https://github.com/exercism/python,cat/aa/a9/aaa9483618755e1f35710281423127ae64eed7c85824d7e3b704f57195759b44
dominoes,21afe36d-42b7-4d47-b647-ddbe9f49f72f,da7f2ce9f54b4f878a129c661ac5e84eacc1126c5156045a5fccc2f38caf2ebb,python,polyglot,https://github.com/exercism/python,cat/da/7f/da7f2ce9f54b4f878a129c661ac5e84eacc1126c5156045a5fccc2f38caf2ebb
book-store,35d73ae4-8f1b-4857-9bcb-3a6f1b9cf133,e22ab6c9c8dbcd9e44af33c4ae51a947722d75c89223db9a194d5fd7b69437a7,go,polyglot,https://github.com/exercism/go,cat/e2/2a/e22ab6c9c8dbcd9e44af33c4ae51a947722d75c89223db9a194d5fd7b69437a7
rational-numbers,0d6e8622-99e5-472a-9aa9-5eacb0bc1bbe,3e9328d35c33ca3cf44e7707d6f8f7775cd0c061681e55feb64d25143bbc17dc,java,polyglot,https://github.com/exercism/java,cat/3e/93/3e9328d35c33ca3cf44e7707d6f8f7775cd0c061681e55feb64d25143bbc17dc
paasio,f909f3b1-5a8c-42da-aa07-ecaf9daa358b,f485066a5c1c83e2723e2cd73106563f5aa8da3032d3e7d64d7ea5c717f8f15c,go,polyglot,https://github.com/exercism/go,cat/f4/85/f485066a5c1c83e2723e2cd73106563f5aa8da3032d3e7d64d7ea5c717f8f15c
dot-dsl,22fe756c-d15c-49f8-b3c3-f588669fa39d,f4592b70cc7be872ec08eae5d85ffeaf19540ca3ff41fb751a134b47047a199a,rust,polyglot,https://github.com/exercism/rust,cat/f4/59/f4592b70cc7be872ec08eae5d85ffeaf19540ca3ff41fb751a134b47047a199a
complex-numbers,ce0cf03a-4698-4a63-99dc-acad9893f584,4fe28ff186b117faedc4c2d194fd676084881f6c947f37887ef7e79e76813c6f,javascript,polyglot,https://github.com/exercism/javascript,cat/4f/e2/4fe28ff186b117faedc4c2d194fd676084881f6c947f37887ef7e79e76813c6f
doubly-linked-list,974df8bd-2683-47bb-a5e8-cef474560327,e7d8e664a1720597034b9ed58adb00af613e995679f39cfea8b35c9f5e238cd4,rust,polyglot,https://github.com/exercism/rust,cat/e7/d8/e7d8e664a1720597034b9ed58adb00af613e995679f39cfea8b35c9f5e238cd4
beer-song,e5909a46-e58d-44f4-a177-4ffe4c75fe9d,e73429bc0d8b6d7f8e1df6b795115abfc898ba959fb6af79e1884b55bf68bcd7,go,polyglot,https://github.com/exercism/go,cat/e7/34/e73429bc0d8b6d7f8e1df6b795115abfc898ba959fb6af79e1884b55bf68bcd7
accumulate,3167a1c8-4828-4744-900c-9b1120774150,73a02df457fda6f129946db3458fdc1ea6ee525ca362aa8e54521abf325752aa,rust,polyglot,https://github.com/exercism/rust,cat/73/a0/73a02df457fda6f129946db3458fdc1ea6ee525ca362aa8e54521abf325752aa
book-store,23c451ae-2adc-4d54-b64a-b3d82b076ff4,73488e20a9a503b7852005c6cd821307d314bee69063d822b86d69327f7c5c42,javascript,polyglot,https://github.com/exercism/javascript,cat/73/48/73488e20a9a503b7852005c6cd821307d314bee69063d822b86d69327f7c5c42
two-bucket,1ab5df21-cf9c-47e4-a12a-2669f05a91c9,737206fd87db697a50be7a412d93433a4b4ad0293d9eeaeeb2e2595785af3926,rust,polyglot,https://github.com/exercism/rust,cat/73/72/737206fd87db697a50be7a412d93433a4b4ad0293d9eeaeeb2e2595785af3926
decimal,79f252f8-4975-49a9-8cdb-c51e6cc3fc7f,9a30db9e0ad4e71a96afbe8df17cf27c60ebe36c2c4ebf0a8e3ed7e73b43ced0,rust,polyglot,https://github.com/exercism/rust,cat/9a/30/9a30db9e0ad4e71a96afbe8df17cf27c60ebe36c2c4ebf0a8e3ed7e73b43ced0
robot-name,311a96c5-0185-4a13-9678-6177e0cc4e2f,49cba301580b63a76f3e5b02c37ff086d3bbb2b04e5840a1ff677f9288e011f2,javascript,polyglot,https://github.com/exercism/javascript,cat/49/cb/49cba301580b63a76f3e5b02c37ff086d3bbb2b04e5840a1ff677f9288e011f2
resistor-color-trio,c4e02436-8cee-42f6-9564-99a8e5434765,5928afeac681d96664073371ad84492c4dbc84ffa2137af2e6c935633afd52e8,javascript,polyglot,https://github.com/exercism/javascript,cat/59/28/5928afeac681d96664073371ad84492c4dbc84ffa2137af2e6c935633afd52e8
phone-number,fe913b22-0b47-45a0-a512-1c39de49815f,2021037669d6aa9abbf4ea1893ecd8036f6cc323190c44e03a6fcc7cd07bda18,cpp,polyglot,https://github.com/exercism/cpp,cat/20/21/2021037669d6aa9abbf4ea1893ecd8036f6cc323190c44e03a6fcc7cd07bda18
zipper,6bb46fd8-3f1c-4293-8b52-b8c694610814,2053bf205ae929455b9b0a627de6a63970ea85901909258eaa0dc1d298d8a237,javascript,polyglot,https://github.com/exercism/javascript,cat/20/53/2053bf205ae929455b9b0a627de6a63970ea85901909258eaa0dc1d298d8a237
clock,99906caf-7b01-4bfd-a434-48ccd4369843,20a97eeabb1f0d71ab7f66bcf0fab9d1098a3108f09d04ba786dc371b67baa10,cpp,polyglot,https://github.com/exercism/cpp,cat/20/a9/20a97eeabb1f0d71ab7f66bcf0fab9d1098a3108f09d04ba786dc371b67baa10
list-ops,16c41320-196f-4414-ab67-258cb2e4b7a7,9c44d0c9966b9f0a675fe7c2bd6401b6cb71979e3301971531e3bfc530409330,javascript,polyglot,https://github.com/exercism/javascript,cat/9c/44/9c44d0c9966b9f0a675fe7c2bd6401b6cb71979e3301971531e3bfc530409330
poker,19fd1ee0-4940-460a-9fe3-1543efb5e2fa,9c50f43fa043c1df7534ca55568862dec7fe2fcc9970453e49483c0c5c40a3db,python,polyglot,https://github.com/exercism/python,cat/9c/50/9c50f43fa043c1df7534ca55568862dec7fe2fcc9970453e49483c0c5c40a3db
circular-buffer,b08886ab-188e-4694-99e2-d84e48e3848d,9c62bd82f5bec341ba221291a1207c352653c5dc15cdfd2e25c19c86b845fa70,cpp,polyglot,https://github.com/exercism/cpp,cat/9c/62/9c62bd82f5bec341ba221291a1207c352653c5dc15cdfd2e25c19c86b845fa70
pov,c3dd5d07-e19c-4b93-a8fa-3774472339a0,d5bdc7322bc55174da9d9d822969ceb8f4adaf611538d74e7a6898605f6e0448,python,polyglot,https://github.com/exercism/python,cat/d5/bd/d5bdc7322bc55174da9d9d822969ceb8f4adaf611538d74e7a6898605f6e0448
affine-cipher,051f6dcf-0cf6-4dc8-9646-01175682adab,b9a528b1e3d2c723c9624cf26f0527054a24220974cb25f7b44c94db419ec092,python,polyglot,https://github.com/exercism/python,cat/b9/a5/b9a528b1e3d2c723c9624cf26f0527054a24220974cb25f7b44c94db419ec092
react,f00b73bb-24ea-4703-af93-bb517226882d,e01270b797da9c494ec79e654d661b19054acb3bc21085a97a58cc8775616b31,java,polyglot,https://github.com/exercism/java,cat/e0/12/e01270b797da9c494ec79e654d661b19054acb3bc21085a97a58cc8775616b31
simple-linked-list,a3d936a0-a7a3-4029-baee-8ab330390d62,768a13da94d11a3f357babf821a2ad4af822ff7b5a3b848a7117142d9f436d33,javascript,polyglot,https://github.com/exercism/javascript,cat/76/8a/768a13da94d11a3f357babf821a2ad4af822ff7b5a3b848a7117142d9f436d33
poker,377fdb52-d6cf-4b10-8f22-e2d82674437c,76b0e2cf52d4313032730db424fcc734474995ad0089f486548d60b616375f1c,java,polyglot,https://github.com/exercism/java,cat/76/b0/76b0e2cf52d4313032730db424fcc734474995ad0089f486548d60b616375f1c
say,2e34a2c7-ae22-4650-96ae-c0c3ef367b99,7214de3eb909a16fd698b45517477af4ffb9410a5a297851527bc6b2272a2229,javascript,polyglot,https://github.com/exercism/javascript,cat/72/14/7214de3eb909a16fd698b45517477af4ffb9410a5a297851527bc6b2272a2229
diamond,4d5fe224-3af9-4a66-8c7f-ef2588253e21,721f795fc452a0ec3e48db2428437aacccc247346105a8e94b99582c2e9b0b5a,cpp,polyglot,https://github.com/exercism/cpp,cat/72/1f/721f795fc452a0ec3e48db2428437aacccc247346105a8e94b99582c2e9b0b5a
word-search,a5d2d239-9e55-4868-b731-6fea0b42c329,72e744c66872d38a985e52441599a2742bec22d3b0358b3e59151b02c0edd1ef,go,polyglot,https://github.com/exercism/go,cat/72/e7/72e744c66872d38a985e52441599a2742bec22d3b0358b3e59151b02c0edd1ef
forth,6fd3b841-03f0-4512-b77e-27699684dce7,31c92482c6d362bd7afb235e88b21121249a10652137eb5a970135e56e86b261,javascript,polyglot,https://github.com/exercism/javascript,cat/31/c9/31c92482c6d362bd7afb235e88b21121249a10652137eb5a970135e56e86b261
pig-latin,a2d46bca-a5c1-4309-9207-d3a2efc0593c,317cc09f6adbb994700cc860a37fc7cd54fa9825e9c7a86d73de83fc7a13006c,go,polyglot,https://github.com/exercism/go,cat/31/7c/317cc09f6adbb994700cc860a37fc7cd54fa9825e9c7a86d73de83fc7a13006c
book-store,7fc4183e-8bfe-4608-92f3-c758ff9f14f4,310293a5d3d428a4522998615a9506f494f23dc845a75c666e4ec8eb166ee7a6,java,polyglot,https://github.com/exercism/java,cat/31/02/310293a5d3d428a4522998615a9506f494f23dc845a75c666e4ec8eb166ee7a6
grade-school,86acddc7-ec1f-41f6-9c1e-22255746e394,1339bd52355adff932271dfd806daf2902fbe40c343adf617e94b51c34a0ea42,python,polyglot,https://github.com/exercism/python,cat/13/39/1339bd52355adff932271dfd806daf2902fbe40c343adf617e94b51c34a0ea42
word-search,4f70f641-8b46-4535-a2de-8b35e45b0a1b,137d49d4ca7306ac3071dde4eeadf461b00b4bfc7baa6d14e0eeaf41a398e50a,java,polyglot,https://github.com/exercism/java,cat/13/7d/137d49d4ca7306ac3071dde4eeadf461b00b4bfc7baa6d14e0eeaf41a398e50a
bottle-song,de9fa897-c96a-4947-ad91-51f20d5ec6ba,13ac2348f372547842f50ea3b148ec36e0155bbf1fe8749739d586ea3f4e728c,java,polyglot,https://github.com/exercism/java,cat/13/ac/13ac2348f372547842f50ea3b148ec36e0155bbf1fe8749739d586ea3f4e728c
pig-latin,bf33ebee-318b-43f6-8dca-e697a810116b,bd23822ad77525ac2f4c3dc16096a8562eb69061816a1866c7e96acf7146b9d2,python,polyglot,https://github.com/exercism/python,cat/bd/23/bd23822ad77525ac2f4c3dc16096a8562eb69061816a1866c7e96acf7146b9d2
book-store,518a0c04-4cbb-4b62-9f84-146a7ab3b3f4,bdbc9e4ea249e7cccdf1c0e7974c56051be02a3f3567b22eb019da7dd3415566,python,polyglot,https://github.com/exercism/python,cat/bd/bc/bdbc9e4ea249e7cccdf1c0e7974c56051be02a3f3567b22eb019da7dd3415566
bowling,d1f4e9ac-3305-47c1-ac1f-c342e6067748,6d199e22900c35f1a63fc7568427b4a4fde3bd68d4a2ea38b178e7cc231586bd,go,polyglot,https://github.com/exercism/go,cat/6d/19/6d199e22900c35f1a63fc7568427b4a4fde3bd68d4a2ea38b178e7cc231586bd
food-chain,b2034bf3-3289-427f-adb4-3c2c8a0ba51b,607cf0545d5d2f8d3a9c17d6e0877db9314337f4472832d3263e59d1c8ac7872,javascript,polyglot,https://github.com/exercism/javascript,cat/60/7c/607cf0545d5d2f8d3a9c17d6e0877db9314337f4472832d3263e59d1c8ac7872
grep,c91b334d-e10a-4913-971d-1cd8f15f25ff,8e89d471ba4b7521f60b5a6510c74834754b50c4647c126b7b22d90bdfc8b877,javascript,polyglot,https://github.com/exercism/javascript,cat/8e/89/8e89d471ba4b7521f60b5a6510c74834754b50c4647c126b7b22d90bdfc8b877
dot-dsl,39393fad-b7dc-4cf0-bcc1-c08be634b041,8e3d8b5a098230ad343e3ec5e082cd8ae68b502133c9c67486185443bfa3f834,python,polyglot,https://github.com/exercism/python,cat/8e/3d/8e3d8b5a098230ad343e3ec5e082cd8ae68b502133c9c67486185443bfa3f834
grep,a7cb6b3e-b421-4114-a3fd-a68088f62150,fd39f2568e0d6087fd371793bbe833847a2b87d36a87ea38045fc25efcb2b817,python,polyglot,https://github.com/exercism/python,cat/fd/39/fd39f2568e0d6087fd371793bbe833847a2b87d36a87ea38045fc25efcb2b817
phone-number,45b33c19-a4ac-4f65-b524-a2e29b480918,d99b85ce9fd741967636cae4ef9a026d187f8cf17607205a136289008740d08a,javascript,polyglot,https://github.com/exercism/javascript,cat/d9/9b/d99b85ce9fd741967636cae4ef9a026d187f8cf17607205a136289008740d08a
alphametics,38a8bca1-f5c5-4ca2-bc2f-a8f9d1af1b9f,e35d7580eb718ea5a92e60da633fc60fb2a8708335f5de16d97f3b9d8290bc6e,java,polyglot,https://github.com/exercism/java,cat/e3/5d/e35d7580eb718ea5a92e60da633fc60fb2a8708335f5de16d97f3b9d8290bc6e
poker,664ae193-ca4f-42df-bc6e-0b410c62773e,ee6db269ca6b4280e62d005f5b3f807f609054490410d6884c629991e2df6610,rust,polyglot,https://github.com/exercism/rust,cat/ee/6d/ee6db269ca6b4280e62d005f5b3f807f609054490410d6884c629991e2df6610
connect,ac0ab51a-b300-4f57-b8a8-0f822616e2c1,6754c719a4e9440c7b887caddb621a6ba3b6d9118ae24e1c23cce4e17b3a5fa2,java,polyglot,https://github.com/exercism/java,cat/67/54/6754c719a4e9440c7b887caddb621a6ba3b6d9118ae24e1c23cce4e17b3a5fa2
wordy,84f74f3e-d362-409c-87f9-7d89b919580e,658d43a1785f9b5fe889436e01a7978a4402877811d46995caf63d21e77041e1,python,polyglot,https://github.com/exercism/python,cat/65/8d/658d43a1785f9b5fe889436e01a7978a4402877811d46995caf63d21e77041e1
kindergarten-garden,15ecf3f0-9d24-4aa2-8ee1-c51b1454bdf5,65b281da540fd2f664cb355af9ef1bb09f0028bfded19c888e0e95659e3216d0,cpp,polyglot,https://github.com/exercism/cpp,cat/65/b2/65b281da540fd2f664cb355af9ef1bb09f0028bfded19c888e0e95659e3216d0
acronym,aa9ac742-a351-4e8b-a3c9-d8237f13566e,4c50346d172f0f858cea52090ed586583eb0f1304c8d595f5f820b35519b5a2c,rust,polyglot,https://github.com/exercism/rust,cat/4c/50/4c50346d172f0f858cea52090ed586583eb0f1304c8d595f5f820b35519b5a2c
forth,6a01cecf-7fb4-4865-a7af-98e24f56c15c,4c97024abe64e3472232edacc57b33074a6c7ec1372803150bc7b74396c421b6,rust,polyglot,https://github.com/exercism/rust,cat/4c/97/4c97024abe64e3472232edacc57b33074a6c7ec1372803150bc7b74396c421b6
bottle-song,e9e719c7-0450-485f-b08e-2899701d992c,b323b2230c481f0cf798b6abd0c7671719a486be8c957de369dfc3aefe250e54,python,polyglot,https://github.com/exercism/python,cat/b3/23/b323b2230c481f0cf798b6abd0c7671719a486be8c957de369dfc3aefe250e54
queen-attack,6412f14e-d30b-4783-9e0e-130584fd0845,c684ec790057452e45013cfb1b8de1d21bf7a6213a5b8359dd2c8dac48193452,cpp,polyglot,https://github.com/exercism/cpp,cat/c6/84/c684ec790057452e45013cfb1b8de1d21bf7a6213a5b8359dd2c8dac48193452
zebra-puzzle,69e6d230-6f51-4309-b201-b55d326b66c8,c625b85b5a66927bd542ab11327abc54f914e6a4f0db43edabe5dc0c0283d3f4,go,polyglot,https://github.com/exercism/go,cat/c6/25/c625b85b5a66927bd542ab11327abc54f914e6a4f0db43edabe5dc0c0283d3f4
all-your-base,9027615e-54d4-43b1-b950-88c7d24019c0,7e5b23b173c6be88a51c794b7bf2893a20086fef3187c9cb85896933a600359c,cpp,polyglot,https://github.com/exercism/cpp,cat/7e/5b/7e5b23b173c6be88a51c794b7bf2893a20086fef3187c9cb85896933a600359c
tree-building,be0a59e5-3468-47de-a6a0-fb6a80beaefc,3affcec764bf479c6f79b06becb8ba94da4e8f10b1aa8695b3602cca98f78bf0,python,polyglot,https://github.com/exercism/python,cat/3a/ff/3affcec764bf479c6f79b06becb8ba94da4e8f10b1aa8695b3602cca98f78bf0
book-store,18420515-6b41-4144-936c-37e962d07c9c,71f3be11344e59a4a56ee26d3d89760d0ef20d162bec70a535c2aa73eed46d0f,rust,polyglot,https://github.com/exercism/rust,cat/71/f3/71f3be11344e59a4a56ee26d3d89760d0ef20d162bec70a535c2aa73eed46d0f
binary-search-tree,e8b24d2e-6451-4934-ad20-595fa42ba6da,57c5e9530d8306bf575dcb01e728e67331982d4a93fe3af3c59ee072a28847ca,cpp,polyglot,https://github.com/exercism/cpp,cat/57/c5/57c5e9530d8306bf575dcb01e728e67331982d4a93fe3af3c59ee072a28847ca
affine-cipher,422770d6-3ecc-4f07-bc00-7fe1a249fea1,d6326f972b3b1cd10476669513f51c95c83129cafc224358242b5b52f425c367,javascript,polyglot,https://github.com/exercism/javascript,cat/d6/32/d6326f972b3b1cd10476669513f51c95c83129cafc224358242b5b52f425c367
connect,7be572fa-bc9b-43e9-a296-afb0a2332aa0,d66d7371e8d880403fc180bd4343293577812df208308de0184650bb850b744b,javascript,polyglot,https://github.com/exercism/javascript,cat/d6/6d/d66d7371e8d880403fc180bd4343293577812df208308de0184650bb850b744b
queen-attack,6d7f1dbc-9b96-4c7f-b948-301087c9abc7,411095c0a0587f0f47f19543bf46a4b889ae5b7edebff45b632fa50579e05c51,javascript,polyglot,https://github.com/exercism/javascript,cat/41/10/411095c0a0587f0f47f19543bf46a4b889ae5b7edebff45b632fa50579e05c51
